Text,Ham-Spam
"Go until jurong point, crazy.. Available only in bugis n great world la e buffet... Cine there got amore wat...",ham
Ok lar... Joking wif u oni...,ham
U dun say so early hor... U c already then say...,ham
"Nah I don't think he goes to usf, he lives around here though",ham
Even my brother is not like to speak with me. They treat me like aids patent.,ham
As per your request 'Melle Melle (Oru Minnaminunginte Nurungu Vettam)' has been set as your callertune for all Callers. Press *9 to copy your friends Callertune,ham
"I'm gonna be home soon and i don't want to talk about this stuff anymore tonight, k? I've cried enough today.",ham
I've been searching for the right words to thank you for this breather. I promise i wont take your help for granted and will fulfil my promise. You have been wonderful and a blessing at all times.,ham
I HAVE A DATE ON SUNDAY WITH WILL!!,ham
Oh k...i'm watching here:),ham
Eh u remember how 2 spell his name... Yes i did. He v naughty make until i v wet.,ham
Fine if thats the way u feel. Thats the way its gota b,ham
Is that seriously how you spell his name?,ham
I‘m going to try for 2 months ha ha only joking,ham
So ü pay first lar... Then when is da stock comin...,ham
Aft i finish my lunch then i go str down lor. Ard 3 smth lor. U finish ur lunch already?,ham
Ffffffffff. Alright no way I can meet up with you sooner?,ham
Just forced myself to eat a slice. I'm really not hungry tho. This sucks. Mark is getting worried. He knows I'm sick when I turn down pizza. Lol,ham
Lol your always so convincing.,ham
Did you catch the bus ? Are you frying an egg ? Did you make a tea? Are you eating your mom's left over dinner ? Do you feel my Love ?,ham
"I'm back &amp; we're packing the car now, I'll let you know if there's room",ham
Ahhh. Work. I vaguely remember that! What does it feel like? Lol,ham
"Wait that's still not all that clear, were you not sure about me being sarcastic or that that's why x doesn't want to live with us",ham
Yeah he got in at 2 and was v apologetic. n had fallen out and she was actin like spoilt child and he got caught up in that. Till 2! But we won't go there! Not doing too badly cheers. You? ,ham
K tell me anything about you.,ham
For fear of fainting with the of all that housework you just did? Quick have a cuppa,ham
Yup... Ok i go home look at the timings then i msg ü again... Xuhui going to learn on 2nd may too but her lesson is at 8am,ham
"Oops, I'll let you know when my roommate's done",ham
I see the letter B on my car,ham
Anything lor... U decide...,ham
Hello! How's you and how did saturday go? I was just texting to see if you'd decided to do anything tomo. Not that i'm trying to invite myself or anything!,ham
Pls go ahead with watts. I just wanted to be sure. Do have a great weekend. Abiola,ham
"Did I forget to tell you ? I want you , I need you, I crave you ... But most of all ... I love you my sweet Arabian steed ... Mmmmmm ... Yummy",ham
WHO ARE YOU SEEING?,ham
Great! I hope you like your man well endowed. I am  &lt;#&gt;  inches...,ham
No calls..messages..missed calls,ham
Didn't you get hep b immunisation in nigeria.,ham
"Fair enough, anything going on?",ham
"Yeah hopefully, if tyler can't do it I could maybe ask around a bit",ham
U don't know how stubborn I am. I didn't even want to go to the hospital. I kept telling Mark I'm not a weak sucker. Hospitals are for weak suckers.,ham
What you thinked about me. First time you saw me in class.,ham
"A gram usually runs like  &lt;#&gt; , a half eighth is smarter though and gets you almost a whole second gram for  &lt;#&gt;",ham
K fyi x has a ride early tomorrow morning but he's crashing at our place tonight,ham
"Wow. I never realized that you were so embarassed by your accomodations. I thought you liked it, since i was doing the best i could and you always seemed so happy about ""the cave"". I'm sorry I didn't and don't have more to give. I'm sorry i offered. I'm sorry your room was so embarassing.",ham
Do you know what Mallika Sherawat did yesterday? Find out now @  &lt;URL&gt;,ham
"Sorry, I'll call later in meeting.",ham
Tell where you reached,ham
Yes..gauti and sehwag out of odi series.,ham
Your gonna have to pick up a $1 burger for yourself on your way home. I can't even move. Pain is killing me.,ham
Ha ha ha good joke. Girls are situation seekers.,ham
Its a part of checking IQ,ham
"Sorry my roommates took forever, it ok if I come by now?",ham
Ok lar i double check wif da hair dresser already he said wun cut v short. He said will cut until i look nice.,ham
"Today is ""song dedicated day.."" Which song will u dedicate for me? Send this to all ur valuable frnds but first rply me...",ham
I plane to give on this month end.,ham
Wah lucky man... Then can save money... Hee...,ham
Finished class where are you.,ham
HI BABE IM AT HOME NOW WANNA DO SOMETHING? XX,ham
K..k:)where are you?how did you performed?,ham
U can call me now...,ham
I am waiting machan. Call me once you free.,ham
Thats cool. i am a gentleman and will treat you with dignity and respect.,ham
I like you peoples very much:) but am very shy pa.,ham
Does not operate after  &lt;#&gt;  or what,ham
Its not the same here. Still looking for a job. How much do Ta's earn there.,ham
"Sorry, I'll call later",ham
K. Did you call me just now ah? ,ham
Ok i am on the way to home hi hi,ham
You will be in the place of that man,ham
Yup next stop.,ham
"I call you later, don't have network. If urgnt, sms me.",ham
For real when u getting on yo? I only need 2 more tickets and one more jacket and I'm done. I already used all my multis.,ham
Yes I started to send requests to make it but pain came back so I'm back in bed. Double coins at the factory too. I gotta cash in all my nitros.,ham
I'm really not up to it still tonight babe,ham
"Ela kano.,il download, come wen ur free..",ham
Yeah do! Don‘t stand to close tho- you‘ll catch something!,ham
Sorry to be a pain. Is it ok if we meet another night? I spent late afternoon in casualty and that means i haven't done any of y stuff42moro and that includes all my time sheets and that. Sorry. ,ham
Smile in Pleasure Smile in Pain Smile when trouble pours like Rain Smile when sum1 Hurts U Smile becoz SOMEONE still Loves to see u Smiling!!,ham
Havent planning to buy later. I check already lido only got 530 show in e afternoon. U finish work already?,ham
Watching telugu movie..wat abt u?,ham
i see. When we finish we have loads of loans to pay,ham
"Hi. Wk been ok - on hols now! Yes on for a bit of a run. Forgot that i have hairdressers appointment at four so need to get home n shower beforehand. Does that cause prob for u?""",ham
I see a cup of coffee animation,ham
Please don't text me anymore. I have nothing else to say.,ham
Okay name ur price as long as its legal! Wen can I pick them up? Y u ave x ams xx,ham
I'm still looking for a car to buy. And have not gone 4the driving test yet.,ham
As per your request 'Melle Melle (Oru Minnaminunginte Nurungu Vettam)' has been set as your callertune for all Callers. Press *9 to copy your friends Callertune,ham
"wow. You're right! I didn't mean to do that. I guess once i gave up on boston men and changed my search location to nyc, something changed. Cuz on my signin page it still says boston.",ham
Umma my life and vava umma love you lot dear,ham
Thanks a lot for your wishes on my birthday. Thanks you for making my birthday truly memorable.,ham
"Aight, I'll hit you up when I get some cash",ham
How would my ip address test that considering my computer isn't a minecraft server,ham
I know! Grumpy old people. My mom was like you better not be lying. Then again I am always the one to play jokes...,ham
Dont worry. I guess he's busy.,ham
What is the plural of the noun research?,ham
Going for dinner.msg you after.,ham
I'm ok wif it cos i like 2 try new things. But i scared u dun like mah. Cos u said not too loud.,ham
"Wa, ur openin sentence very formal... Anyway, i'm fine too, juz tt i'm eatin too much n puttin on weight...Haha... So anythin special happened?",ham
"As I entered my cabin my PA said, '' Happy B'day Boss !!''. I felt special. She askd me 4 lunch. After lunch she invited me to her apartment. We went there.",ham
Goodo! Yes we must speak friday - egg-potato ratio for tortilla needed! ,ham
Hmm...my uncle just informed me that he's paying the school directly. So pls buy food.,ham
here is my new address -apples&pairs&all that malarky,ham
I am going to sao mu today. Will be done only at 12 ,ham
Ü predict wat time ü'll finish buying?,ham
"Good stuff, will do.",ham
"Just so that you know,yetunde hasn't sent money yet. I just sent her a text not to bother sending. So its over, you dont have to involve yourself in anything. I shouldn't have imposed anything on you in the first place so for that, i apologise.",ham
Are you there in room.,ham
HEY GIRL. HOW R U? HOPE U R WELL ME AN DEL R BAK! AGAIN LONG TIME NO C! GIVE ME A CALL SUM TIME FROM LUCYxx,ham
K..k:)how much does it cost?,ham
I'm home.,ham
"Dear, will call Tmorrow.pls accomodate.",ham
First answer my question.,ham
I only haf msn. It's yijue@hotmail.com,ham
He is there. You call and meet him,ham
No no. I will check all rooms befor activities,ham
Got c... I lazy to type... I forgot ü in lect... I saw a pouch but like not v nice...,ham
"K, text me when you're on the way",ham
"Sir, Waiting for your mail.",ham
"A swt thought: ""Nver get tired of doing little things 4 lovable persons.."" Coz..somtimes those little things occupy d biggest part in their Hearts.. Gud ni8",ham
I know you are. Can you pls open the back?,ham
Yes see ya not on the dot,ham
Whats the staff name who is taking class for us?,ham
Ummma.will call after check in.our life will begin from qatar so pls pray very hard.,ham
K..i deleted my contact that why?,ham
Sindu got job in birla soft ..,ham
The wine is flowing and i'm i have nevering..,ham
Yup i thk cine is better cos no need 2 go down 2 plaza mah.,ham
Ok... Ur typical reply...,ham
As per your request 'Melle Melle (Oru Minnaminunginte Nurungu Vettam)' has been set as your callertune for all Callers. Press *9 to copy your friends Callertune,ham
"You are everywhere dirt, on the floor, the windows, even on my shirt. And sometimes when i open my mouth, you are all that comes flowing out. I dream of my world without you, then half my chores are out too. A time of joy for me, lots of tv shows i.ll see. But i guess like all things you just must exist, like rain, hail and mist, and when my time here is done, you and i become one.",ham
Aaooooright are you at work?,ham
I'm leaving my house now...,ham
"Hello, my love. What are you doing? Did you get to that interview today? Are you you happy? Are you being a good boy? Do you think of me?Are you missing me ?",ham
Keep yourself safe for me because I need you and I miss you already and I envy everyone that see's you in real life,ham
New car and house for my parents.:)i have only new job in hand:),ham
I'm so in love with you. I'm excited each day i spend with you. You make me so happy.,ham
I place all ur points on e cultures module already.,ham
"Hi frnd, which is best way to avoid missunderstding wit our beloved one's?",ham
Great escape. I fancy the bridge but needs her lager. See you tomo ,ham
Yes :)it completely in out of form:)clark also utter waste.,ham
"Sir, I need AXIS BANK account no and bank address.",ham
"Hmmm.. Thk sure got time to hop ard... Ya, can go 4 free abt... Muz call u to discuss liao... ",ham
What time you coming down later? ,ham
"Bloody hell, cant believe you forgot my surname Mr . Ill give u a clue, its spanish and begins with m... ",ham
"Well, i'm gonna finish my bath now. Have a good...fine night.",ham
Let me know when you've got the money so carlos can make the call,ham
U still going to the mall?,ham
"Turns out my friends are staying for the whole show and won't be back til ~ &lt;#&gt; , so feel free to go ahead and smoke that $ &lt;#&gt;  worth",ham
Text her. If she doesnt reply let me know so i can have her log in,ham
Hi! You just spoke to MANEESHA V. We'd like to know if you were satisfied with the experience. Reply Toll Free with Yes or No.,ham
You lifted my hopes with the offer of money. I am in need. Especially when the end of the month approaches and it hurts my studying. Anyways have a gr8 weekend,ham
Lol no. U can trust me.,ham
ok. I am a gentleman and will treat you with dignity and respect.,ham
"He will, you guys close?",ham
Going on nothing great.bye,ham
Hello handsome ! Are you finding that job ? Not being lazy ? Working towards getting back that net for mummy ? Where's my boytoy now ? Does he miss me ?,ham
"Haha awesome, be there in a minute",ham
Have you got Xmas radio times. If not i will get it now,ham
I jus reached home. I go bathe first. But my sis using net tell u when she finishes k...,ham
I'm sorry. I've joined the league of people that dont keep in touch. You mean a great deal to me. You have been a friend at all times even at great personal cost. Do have a great week.|,ham
Hi :)finally i completed the course:),ham
It will stop on itself. I however suggest she stays with someone that will be able to give ors for every stool.,ham
How are you doing? Hope you've settled in for the new school year. Just wishin you a gr8 day,ham
Gud mrng dear hav a nice day,ham
Did u got that persons story,ham
is your hamster dead? Hey so tmr i meet you at 1pm orchard mrt? ,ham
Hi its Kate how is your evening? I hope i can see you tomorrow for a bit but i have to bloody babyjontet! Txt back if u can. :) xxx,ham
"Found it, ENC  &lt;#&gt; , where you at?",ham
I sent you  &lt;#&gt;  bucks,ham
Hello darlin ive finished college now so txt me when u finish if u can love Kate xxx,ham
Your account has been refilled successfully by INR  &lt;DECIMAL&gt; . Your KeralaCircle prepaid account balance is Rs  &lt;DECIMAL&gt; . Your Transaction ID is KR &lt;#&gt; .,ham
Goodmorning sleeping ga.,ham
U call me alter at 11 ok.,ham
Ü say until like dat i dun buy ericsson oso cannot oredi lar...,ham
"As I entered my cabin my PA said, '' Happy B'day Boss !!''. I felt special. She askd me 4 lunch. After lunch she invited me to her apartment. We went there.",ham
"Aight yo, dats straight dogg",ham
You please give us connection today itself before  &lt;DECIMAL&gt;  or refund the bill,ham
Both :) i shoot big loads so get ready!,ham
"What's up bruv, hope you had a great break. Do have a rewarding semester.",ham
Home so we can always chat,ham
K:)k:)good:)study well.,ham
Yup... How ü noe leh...,ham
Sounds great! Are you home now?,ham
Finally the match heading towards draw as your prediction.,ham
Tired. I haven't slept well the past few nights.,ham
Easy ah?sen got selected means its good..,ham
I have to take exam with march 3,ham
Yeah you should. I think you can use your gt atm now to register. Not sure but if there's anyway i can help let me know. But when you do be sure you are ready.,ham
Ok no prob. Take ur time.,ham
There is os called ubandu which will run without installing in hard disk...you can use that os to copy the important files in system and give it to repair shop..,ham
"Sorry, I'll call later",ham
U say leh... Of course nothing happen lar. Not say v romantic jus a bit only lor. I thk e nite scenery not so nice leh.,ham
Would really appreciate if you call me. Just need someone to talk to.,ham
Hey company elama po mudyadhu.,ham
"Life is more strict than teacher... Bcoz Teacher teaches lesson &amp; then conducts exam, But Life first conducts Exam &amp; then teaches Lessons. Happy morning. . .",ham
Dear good morning now only i am up,ham
Get down in gandhipuram and walk to cross cut road. Right side &lt;#&gt; street road and turn at first right.,ham
Dear we are going to our rubber place,ham
"Sorry battery died, yeah I'm here",ham
Yes:)here tv is always available in work place..,ham
I have printed it oh. So  &lt;#&gt;  come upstairs,ham
Or ill be a little closer like at the bus stop on the same street,ham
Where are you?when wil you reach here?,ham
"New Theory: Argument wins d SITUATION, but loses the PERSON. So dont argue with ur friends just.. . . . kick them &amp; say, I'm always correct.!",ham
Tomarrow final hearing on my laptop case so i cant.,ham
PLEASSSSSSSEEEEEE TEL ME V AVENT DONE SPORTSx,ham
"Okay. No no, just shining on. That was meant to be signing, but that sounds better.",ham
"Although i told u dat i'm into baig face watches now but i really like e watch u gave cos it's fr u. Thanx 4 everything dat u've done today, i'm touched...",ham
U don't remember that old commercial?,ham
Too late. I said i have the website. I didn't i have or dont have the slippers,ham
I asked you to call him now ok,ham
Kallis wont bat in 2nd innings.,ham
It didnt work again oh. Ok goodnight then. I.ll fix and have it ready by the time you wake up. You are very dearly missed have a good night sleep.,ham
Ranjith cal drpd Deeraj and deepak 5min hold,ham
"Wen ur lovable bcums angry wid u, dnt take it seriously.. Coz being angry is d most childish n true way of showing deep affection, care n luv!.. kettoda manda... Have nice day da.",ham
What you doing?how are you?,ham
"Ups which is 3days also, and the shipping company that takes 2wks. The other way is usps which takes a week but when it gets to lag you may have to bribe nipost to get your stuff.",ham
"I'm back, lemme know when you're ready",ham
Don't necessarily expect it to be done before you get back though because I'm just now headin out,ham
Mmm so yummy babe ... Nice jolt to the suzy,ham
Where are you lover ? I need you ...,ham
I‘m parked next to a MINI!!!! When are you coming in today do you think?,ham
Yup,ham
Anyway i'm going shopping on my own now. Cos my sis not done yet. Dun disturb u liao.,ham
MY NO. IN LUTON 0125698789 RING ME IF UR AROUND! H*,ham
Why you Dint come with us.,ham
Same. Wana plan a trip sometme then,ham
"Not sure yet, still trying to get a hold of him",ham
The evo. I just had to download flash. Jealous?,ham
"Come to mu, we're sorting out our narcotics situation",ham
"Night has ended for another day, morning has come in a special way. May you smile like the sunny rays and leaves your worries at the blue blue bay.",ham
"Usf I guess, might as well take 1 car",ham
No objection. My bf not coming.,ham
Thanx...,ham
Tell rob to mack his gf in the theater,ham
"Awesome, I'll see you in a bit",ham
Just sent it. So what type of food do you like?,ham
All done? All handed in? Celebrations in full swing yet?,ham
You got called a tool?,ham
"""Wen u miss someone, the person is definitely special for u..... But if the person is so special, why to miss them, just Keep-in-touch"" gdeve..",ham
Ok. I asked for money how far,ham
Okie...,ham
"Yeah I think my usual guy's still passed out from last night, if you get ahold of anybody let me know and I'll throw down",ham
"K, I might come by tonight then if my class lets out early",ham
Ok..,ham
hi baby im cruisin with my girl friend what r u up 2? give me a call in and hour at home if thats alright or fone me on this fone now love jenny xxx,ham
"My life Means a lot to me, Not because I love my life, But because I love the people in my life, The world calls them friends, I call them my World:-).. Ge:-)..",ham
"Dear,shall mail tonite.busy in the street,shall update you tonite.things are looking ok.varunnathu edukkukayee raksha ollu.but a good one in real sense.",ham
Hey you told your name to gautham ah?,ham
Haf u found him? I feel so stupid da v cam was working.,ham
Oops. 4 got that bit.,ham
Are you this much buzy,ham
I accidentally deleted the message. Resend please.,ham
Unless it's a situation where YOU GO GURL would be more appropriate,ham
Hurt me... Tease me... Make me cry... But in the end of my life when i die plz keep one rose on my grave and say STUPID I MISS U.. HAVE A NICE DAY BSLVYL,ham
I cant pick the phone right now. Pls send a message,ham
Need a coffee run tomo?Can't believe it's that time of week already,ham
"Awesome, I remember the last time we got somebody high for the first time with diesel :V",ham
"Shit that is really shocking and scary, cant imagine for a second. Def up for night out. Do u think there is somewhere i could crash for night, save on taxi?",ham
Oh and by the way you do have more food in your fridge! Want to go out for a meal tonight? ,ham
He is a womdarfull actor,ham
Yup... From what i remb... I think should be can book... ,ham
Jos ask if u wana meet up?,ham
Lol yes. Our friendship is hanging on a thread cause u won't buy stuff.,ham
Where are the garage keys? They aren't on the bookshelf,ham
Today is ACCEPT DAY..U Accept me as? Brother Sister Lover Dear1 Best1 Clos1 Lvblefrnd Jstfrnd Cutefrnd Lifpartnr Belovd Swtheart Bstfrnd No rply means enemy,ham
He says he'll give me a call when his friend's got the money but that he's definitely buying before the end of the week,ham
"Hi the way I was with u 2day, is the normal way&this is the real me. UR unique&I hope I know u 4 the rest of mylife. Hope u find wot was lost.",ham
You made my day. Do have a great day too.,ham
K.k:)advance happy pongal.,ham
"Hmmm... Guess we can go 4 kb n power yoga... Haha, dunno we can tahan power yoga anot... Thk got lo oso, forgot liao...",ham
"Not really dude, have no friends i'm afraid :(",ham
"Coffee cake, i guess...",ham
"Merry Christmas to you too babe, i love ya *kisses*",ham
Hey... Why dont we just go watch x men and have lunch... Haha ,ham
cud u tell ppl im gona b a bit l8 cos 2 buses hav gon past cos they were full & im still waitin 4 1. Pete x,ham
That would be great. We'll be at the Guild. Could meet on Bristol road or somewhere - will get in touch over weekend. Our plans take flight! Have a good week,ham
No problem. How are you doing?,ham
No calls..messages..missed calls,ham
Hi da:)how is the todays class?,ham
"I'd say that's a good sign but, well, you know my track record at reading women",ham
"Cool, text me when you're parked",ham
I'm reading the text i just sent you. Its meant to be a joke. So read it in that light,ham
K.k:)apo k.good movie.,ham
Maybe i could get book out tomo then return it immediately ..? Or something.,ham
Any chance you might have had with me evaporated as soon as you violated my privacy by stealing my phone number from your employer's paperwork. Not cool at all. Please do not contact me again or I will report you to your supervisor.,ham
"Ta-Daaaaa! I am home babe, are you still up ?",ham
Cool. So how come you havent been wined and dined before?,ham
Just sleeping..and surfing,ham
"Sorry, I'll call later",ham
U calling me right? Call my hand phone...,ham
Ok that's great thanx a lot.,ham
I take it the post has come then! You must have 1000s of texts now! Happy reading. My one from wiv hello caroline at the end is my favourite. Bless him,ham
Where u been hiding stranger?,ham
Am not interested to do like that.,ham
My sister cleared two round in birla soft yesterday.,ham
Gudnite....tc...practice going on,ham
Dis is yijue. I jus saw ur mail. In case huiming havent sent u my num. Dis is my num.,ham
One small prestige problem now.,ham
Just checking in on you. Really do miss seeing Jeremiah. Do have a great month,ham
"Nah can't help you there, I've never had an iphone",ham
If you're not in my car in an hour and a half I'm going apeshit,ham
"TODAY is Sorry day.! If ever i was angry with you, if ever i misbehaved or hurt you? plz plz JUST SLAP URSELF Bcoz, Its ur fault, I'm basically GOOD",ham
Yo you guys ever figure out how much we need for alcohol? Jay and I are trying to figure out how much we can safely spend on weed,ham
&lt;#&gt; ISH MINUTES WAS 5 MINUTES AGO. WTF.,ham
"Thank You for calling.Forgot to say Happy Onam to you Sirji.I am fine here and remembered you when i met an insurance person.Meet You in Qatar Insha Allah.Rakhesh, ex Tata AIG who joined TISSCO,Tayseer.",ham
"I'm an actor. When i work, i work in the evening and sleep late. Since i'm unemployed at the moment, i ALWAYS sleep late. When you're unemployed, every day is saturday.",ham
"Hello! Just got here, st andrews-boy its a long way! Its cold. I will keep you posted",ham
Ha ha cool cool chikku chikku:-):-DB-),ham
Oh ok no prob..,ham
Check audrey's status right now,ham
Busy here. Trying to finish for new year. I am looking forward to finally meeting you...,ham
"Good afternoon sunshine! How dawns that day ? Are we refreshed and happy to be alive? Do we breathe in the air and smile ? I think of you, my love ... As always",ham
Well i know Z will take care of me. So no worries.,ham
Wat uniform? In where get?,ham
"Cool, text me when you're ready",ham
"Hello my boytoy ... Geeee I miss you already and I just woke up. I wish you were here in bed with me, cuddling me. I love you ...",ham
I will spoil you in bed as well :),ham
I'm going for bath will msg you next  &lt;#&gt;  min..,ham
I cant keep talking to people if am not sure i can pay them if they agree to price. So pls tell me what you want to really buy and how much you are willing to pay,ham
Can you say what happen,ham
You could have seen me..i did't recognise you Face.:),ham
Well there's not a lot of things happening in Lindsay on New years *sighs* Some bars in Ptbo and the blue heron has something going,ham
Keep my payasam there if rinu brings,ham
I taught that Ranjith sir called me. So only i sms like that. Becaus hes verifying about project. Prabu told today so only pa dont mistake me..,ham
"I guess that's why you re worried. You must know that there's a way the body repairs itself. And i'm quite sure you shouldn't worry. We'll take it slow. First the tests, they will guide when your ovulation is then just relax. Nothing you've said is a reason to worry but i.ll keep on followin you up.",ham
"Yeah sure, give me a couple minutes to track down my wallet",ham
Hey leave it. not a big deal:-) take care.,ham
Hey i will be late ah... Meet you at 945+,ham
It took Mr owl 3 licks,ham
Customer place i will call you.,ham
Mm that time you dont like fun,ham
Yup having my lunch buffet now.. U eat already?,ham
Huh so late... Fr dinner?,ham
Hey so this sat are we going for the intro pilates only? Or the kickboxing too? ,ham
Morning only i can ok.,ham
Yes i think so. I am in office but my lap is in room i think thats on for the last few days. I didnt shut that down,ham
Pick you up bout 7.30ish? What time are  and that going?,ham
From here after The performance award is calculated every two month.not for current one month period..,ham
Was actually sleeping and still might when u call back. So a text is gr8. You rock sis. Will send u a text wen i wake.,ham
"You are always putting your business out there. You put pictures of your ass on facebook. You are one of the most open people i've ever met. Why would i think a picture of your room would hurt you, make you feel violated.",ham
"Good evening Sir, Al Salam Wahleykkum.sharing a happy news.By the grace of God, i got an offer from Tayseer,TISSCO and i joined.Hope you are fine.Inshah Allah,meet you sometime.Rakhesh,visitor from India.",ham
Hmmm...k...but i want to change the field quickly da:-)i wanna get system administrator or network administrator..,ham
Dear how is chechi. Did you talk to her,ham
The hair cream has not been shipped.,ham
None of that's happening til you get here though,ham
"Yep, the great loxahatchee xmas tree burning of  &lt;#&gt;  starts in an hour",ham
"Haha get used to driving to usf man, I know a lot of stoners",ham
All was well until slightly disastrous class this pm with my fav darlings! Hope day off ok. Coffee wld be good as can't stay late tomorrow. Same time + place as always?,ham
Hello! Good week? Fancy a drink or something later?,ham
Headin towards busetop,ham
Message:some text missing* Sender:Name Missing* *Number Missing *Sent:Date missing *Missing U a lot thats y everything is missing sent via fullonsms.com,ham
Come by our room at some point so we can iron out the plan for this weekend,ham
Cos i want it to be your thing,ham
"Okies... I'll go yan jiu too... We can skip ard oso, go cine den go mrt one, blah blah blah... ",ham
Bring home some Wendy =D,ham
Whatsup there. Dont u want to sleep,ham
Alright i have a new goal now,ham
"Alright, I'll head out in a few minutes, text me where to meet you",ham
Yes:)from last week itself i'm taking live call.,ham
Siva is in hostel aha:-.,ham
Send this to ur friends and receive something about ur voice..... How is my speaking expression? 1.childish 2.naughty 3.Sentiment 4.rowdy 5.ful of attitude 6.romantic 7.shy 8.Attractive 9.funny  &lt;#&gt; .irritating  &lt;#&gt; .lovable. reply me..,ham
Ok. She'll be ok. I guess,ham
aathi..where are you dear..,ham
Any pain on urination any thing else?,ham
7 at esplanade.. Do ü mind giving me a lift cos i got no car today..,ham
I wnt to buy a BMW car urgently..its vry urgent.but hv a shortage of  &lt;#&gt; Lacs.there is no source to arng dis amt. &lt;#&gt; lacs..thats my prob,ham
At home watching tv lor.,ham
Does she usually take fifteen fucking minutes to respond to a yes or no question,ham
Booked ticket for pongal?,ham
You available now? I'm like right around hillsborough &amp;  &lt;#&gt; th,ham
The message sent is askin for  &lt;#&gt; dollars. Shoul i pay  &lt;#&gt;  or  &lt;#&gt; ?,ham
"Ask g or iouri, I've told the story like ten times already",ham
How long does applebees fucking take,ham
"Hi hope u get this txt~journey hasnt been gd,now about 50 mins late I think.",ham
But i have to. I like to have love and arrange.,ham
Yes..he is really great..bhaji told kallis best cricketer after sachin in world:).very tough to get out.,ham
You were supposed to wake ME up &gt;:(,ham
Oic... I saw him too but i tot he din c me... I found a group liao...,ham
"Sorry, I'll call later",ham
"""HEY HEY WERETHE MONKEESPEOPLE SAY WE MONKEYAROUND! HOWDY GORGEOUS, HOWU DOIN? FOUNDURSELF A JOBYET SAUSAGE?LOVE JEN XXX""",ham
"Sorry, my battery died, I can come by but I'm only getting a gram for now, where's your place?",ham
"Well done, blimey, exercise, yeah, i kinda remember wot that is, hmm. ",ham
I wont get concentration dear you know you are my mind and everything :-),ham
LOL ... Have you made plans for new years?,ham
10 min later k...,ham
hanks lotsly!,ham
Thanks for this hope you had a good day today,ham
K:)k:)what are detail you want to transfer?acc no enough?,ham
Ok i will tell her to stay out. Yeah its been tough but we are optimistic things will improve this month.,ham
Si si. I think ill go make those oreo truffles.,ham
"LOOK AT AMY URE A BEAUTIFUL, INTELLIGENT WOMAN AND I LIKE U A LOT. I KNOW U DONT LIKE ME LIKE THAT SO DONT WORRY.",ham
I hope you that's the result of being consistently intelligent and kind. Start asking him about practicum links and keep your ears open and all the best. ttyl,ham
"1.20 that call cost. Which i guess isnt bad. Miss ya, need ya, want ya, love ya",ham
Going thru a very different feeling.wavering decisions and coping up with the same is the same individual.time will heal everything i believe.,ham
Where did u go? My phone is gonna die you have to stay in here,ham
Great. Never been better. Each day gives even more reasons to thank God,ham
"Sorry, I'll call later ok bye",ham
Ok i am on the way to railway,ham
great princess! I love giving and receiving oral. Doggy style is my fave position. How about you? I enjoy making love  &lt;#&gt;  times per night :),ham
They don't put that stuff on the roads to keep it from getting slippery over there?,ham
When are you going to ride your bike?,ham
"Yup, no need. I'll jus wait 4 e rain 2 stop.",ham
There are many company. Tell me the language.,ham
"How long has it been since you screamed, princess?",ham
"Nothing. I meant that once the money enters your account here, the bank will remove its flat rate. Someone transfered  &lt;#&gt;  to my account and  &lt;#&gt; dollars got removed. So the banks differ and charges also differ.be sure you trust the 9ja person you are sending account details to cos...",ham
Nice line said by a broken heart- Plz don't cum 1 more times infront of me... Other wise once again I ll trust U... Good 9t:),ham
Ok I'm gonna head up to usf in like fifteen minutes,ham
Love you aathi..love u lot..,ham
Tension ah?what machi?any problem?,ham
"K, can I pick up another 8th when you're done?",ham
When're you guys getting back? G said you were thinking about not staying for mcr,ham
"Almost there, see u in a sec",ham
"Yo carlos, a few friends are already asking me about you, you working at all this weekend?",ham
Watching tv lor...,ham
Thank you baby! I cant wait to taste the real thing...,ham
You should change your fb to jaykwon thuglyfe falconerf,ham
If we win its really no 1 side for long time.,ham
Dear reached railway. What happen to you,ham
"Depends on quality. If you want the type i sent boye, faded glory, then about 6. If you want ralphs maybe 2",ham
I think i've fixed it can you send a test message?,ham
"Sorry man my account's dry or I would, if you want we could trade back half or I could buy some shit with my credit card",ham
"Sorry,in meeting I'll call later",ham
What class of  &lt;#&gt;  reunion?,ham
Are you free now?can i call now?,ham
Got meh... When?,ham
Nope... Think i will go for it on monday... Sorry i replied so late,ham
Some of them told accenture is not confirm. Is it true.,ham
"Kate jackson rec center before 7ish, right?",ham
Dear i have reache room,ham
"Fighting with the world is easy, u either win or lose bt fightng with some1 who is close to u is dificult if u lose - u lose if u win - u still lose.",ham
When can ü come out?,ham
Check with nuerologist.,ham
Lolnice. I went from a fish to ..water.?,ham
No it's waiting in e car dat's bored wat. Cos wait outside got nothing 2 do. At home can do my stuff or watch tv wat.,ham
"Maybe westshore or hyde park village, the place near my house?",ham
You should know now. So how's anthony. Are you bringing money. I've school fees to pay and rent and stuff like that. Thats why i need your help. A friend in need....|,ham
What's the significance?,ham
Your opinion about me? 1. Over 2. Jada 3. Kusruthi 4. Lovable 5. Silent 6. Spl character 7. Not matured 8. Stylish 9. Simple Pls reply..,ham
"8 at the latest, g's still there if you can scrounge up some ammo and want to give the new ak a try",ham
Prabha..i'm soryda..realy..frm heart i'm sory,ham
Lol ok your forgiven :),ham
No..jst change tat only..,ham
S:)no competition for him.,ham
"That way transport is less problematic than on sat night. By the way, if u want to ask  n  to join my bday, feel free. But need to know definite nos as booking on fri. ",ham
Usually the person is unconscious that's in children but in adults they may just behave abnormally. I.ll call you now,ham
But that's on ebay it might be less elsewhere.,ham
Shall i come to get pickle,ham
Were gonna go get some tacos,ham
"That's very rude, you on campus?",ham
Hi i won't b ard 4 christmas. But do enjoy n merry x'mas.,ham
Yes! How is a pretty lady like you single?,ham
Jay says that you're a double-faggot,ham
What Today-sunday..sunday is holiday..so no work..,ham
Gudnite....tc...practice going on,ham
I'll be late...,ham
"I've not called you in a while. This is hoping it was l8r malaria and that you know that we miss you guys. I miss Bani big, so pls give her my love especially. Have a great day.",ham
"Good afternoon, my love! How goes that day ? I hope maybe you got some leads on a job. I think of you, boytoy and send you a passionate kiss from across the sea",ham
"Probably gonna be here for a while, see you later tonight &lt;)",ham
Or maybe my fat fingers just press all these buttons and it doesn't know what to do.,ham
Ummmmmaah Many many happy returns of d day my dear sweet heart.. HAPPY BIRTHDAY dear,ham
"I am in tirupur da, once you started from office call me.",ham
"A famous quote : when you develop the ability to listen to 'anything' unconditionally without losing your temper or self confidence, it means you are ......... 'MARRIED'",ham
But am going to college pa. What to do. are else ill come there it self. Pa.,ham
4 oclock at mine. Just to bash out a flat plan.,ham
This girl does not stay in bed. This girl doesn't need recovery time. Id rather pass out while having fun then be cooped up in bed,ham
Then any special there?,ham
I know but you need to get hotel now. I just got my invitation but i had to apologise. Cali is to sweet for me to come to some english bloke's weddin,ham
"Sorry that took so long, omw now",ham
Wait  &lt;#&gt;  min..,ham
Ok give me 5 minutes I think I see her. BTW you're my alibi. You were cutting my hair the whole time.,ham
"Imagine you finally get to sink into that bath after I have put you through your paces, maybe even having you eat me for a while before I left ... But also imagine the feel of that cage on your cock surrounded by the bath water, reminding you always who owns you ... Enjoy, my cuck",ham
"Hurry up, I've been weed-deficient for like three days",ham
"Sure, if I get an acknowledgement from you that it's astoundingly tactless and generally faggy to demand a blood oath fo",ham
Ok. Every night take a warm bath drink a cup of milk and you'll see a work of magic. You still need to loose weight. Just so that you know,ham
I‘ll have a look at the frying pan in case it‘s cheap or a book perhaps. No that‘s silly a frying pan isn‘t likely to be a book,ham
O. Well uv causes mutations. Sunscreen is like essential thesedays,ham
Having lunch:)you are not in online?why?,ham
I know that my friend already told that.,ham
Hi Princess! Thank you for the pics. You are very pretty. How are you?,ham
"Aiyo... U always c our ex one... I dunno abt mei, she haven reply... First time u reply so fast... Y so lucky not workin huh, got bao by ur sugardad ah...gee.. ",ham
Hi msg me:)i'm in office..,ham
Thanx 4 e brownie it's v nice...,ham
Geeeee ... I love you so much I can barely stand it,ham
"Fuck babe ... I miss you already, you know ? Can't you let me send you some money towards your net ? I need you ... I want you ... I crave you ...",ham
"Ill call u 2mrw at ninish, with my address that icky American freek wont stop callin me 2 bad Jen k eh?",ham
Oooh bed ridden ey? What are YOU thinking of?,ham
"So anyways, you can just go to your gym or whatever, my love *smiles* I hope your ok and having a good day babe ... I miss you so much already",ham
Love it! Daddy will make you scream with pleasure! I am going to slap your ass with my dick!,ham
WOT U WANNA DO THEN MISSY?,ham
Yar lor wait 4 my mum 2 finish sch then have lunch lor... I whole morning stay at home clean my room now my room quite clean... Hee...,ham
Do you know where my lab goggles went,ham
Can you open the door?,ham
Waiting for your call.,ham
Nope i waiting in sch 4 daddy... ,ham
"I'm tired of arguing with you about this week after week. Do what you want and from now on, i'll do the same.",ham
Ü wait 4 me in sch i finish ard 5..,ham
"Arngd marriage is while u r walkin unfortuntly a snake bites u. bt love marriage is dancing in frnt of d snake &amp; sayin Bite me, bite me.",ham
Huh so early.. Then ü having dinner outside izzit?,ham
Ok anyway no need to change with what you said,ham
my ex-wife was not able to have kids. Do you want kids one day?,ham
So how's scotland. Hope you are not over showing your JJC tendencies. Take care. Live the dream,ham
Tell them u have a headache and just want to use 1 hour of sick time.,ham
"I dun thk i'll quit yet... Hmmm, can go jazz ? Yogasana oso can... We can go meet em after our lessons den... ",ham
"""Pete can you please ring meive hardly gotany credit""",ham
Ya srsly better than yi tho,ham
"I'm in a meeting, call me later at",ham
You still at grand prix?,ham
"I met you as a stranger and choose you as my friend. As long as the world stands, our friendship never ends. Lets be Friends forever!!! Gud nitz...",ham
I am great! How are you?,ham
Gud mrng dear have a nice day,ham
Will do. Was exhausted on train this morning. Too much wine and pie. You sleep well too,ham
I'm going out to buy mum's present ar.,ham
Mind blastin.. No more Tsunamis will occur from now on.. Rajnikant stopped swimming in Indian Ocean..:-D,ham
If u sending her home first it's ok lor. I'm not ready yet.,ham
Speaking of does he have any cash yet?,ham
Be happy there. I will come after noon,ham
Meet after lunch la...,ham
TaKe CaRE n gET WeLL sOOn,ham
what I meant to say is cant wait to see u again getting bored of this bridgwater banter,ham
Neva mind it's ok..,ham
"It's fine, imma get a drink or somethin. Want me to come find you?",ham
Its a valentine game. . . Send dis msg to all ur friends. .. If 5 answers r d same then someone really loves u. Ques- which colour suits me the best?rply me,ham
I have many dependents,ham
THANX4 TODAY CER IT WAS NICE 2 CATCH UP BUT WE AVE 2 FIND MORE TIME MORE OFTEN OH WELL TAKE CARE C U SOON.C,ham
I called and said all to him:)then he have to choose this future.,ham
"""Happy valentines day"" I know its early but i have hundreds of handsomes and beauties to wish. So i thought to finish off aunties and uncles 1st...",ham
He like not v shock leh. Cos telling shuhui is like telling leona also. Like dat almost all know liao. He got ask me abt ur reaction lor.,ham
For my family happiness..,ham
I come n pick ü up... Come out immediately aft ur lesson...,ham
Let there be snow. Let there be snow. This kind of weather brings ppl together so friendships can grow.,ham
Dear we got  &lt;#&gt;  dollars hi hi,ham
Good words.... But words may leave u in dismay many times.,ham
MAKE SURE ALEX KNOWS HIS BIRTHDAY IS OVER IN FIFTEEN MINUTES AS FAR AS YOU'RE CONCERNED,ham
"sorry, no, have got few things to do. may be in pub later.",ham
"Nah it's straight, if you can just bring bud or drinks or something that's actually a little more useful than straight cash",ham
"Haha good to hear, I'm officially paid and on the market for an 8th",ham
How many licks does it take to get to the center of a tootsie pop?,ham
Yup i thk they r e teacher said that will make my face look longer. Darren ask me not 2 cut too short.,ham
Please dont say like that. Hi hi hi,ham
Thank u!,ham
Oh that was a forwarded message. I thought you send that to me,ham
Got it. Seventeen pounds for seven hundred ml – hope ok.,ham
Me n him so funny...,ham
"Sweetheart, hope you are not having that kind of day! Have one with loads of reasons to smile. Biola",ham
When ü login dat time... Dad fetching ü home now?,ham
"What will we do in the shower, baby?",ham
I had askd u a question some hours before. Its answer,ham
"Well imma definitely need to restock before thanksgiving, I'll let you know when I'm out",ham
" said kiss, kiss, i can't do the sound effects! He is a gorgeous man isn't he! Kind of person who needs a smile to brighten his day! ",ham
Probably gonna swing by in a wee bit,ham
Ya very nice. . .be ready on thursday,ham
Allo! We have braved the buses and taken on the trains and triumphed. I mean we‘re in b‘ham. Have a jolly good rest of week,ham
"Watching cartoon, listening music &amp; at eve had to go temple &amp; church.. What about u?",ham
Do you mind if I ask what happened? You dont have to say if it is uncomfortable.,ham
No prob. I will send to your email.,ham
Thats cool! Sometimes slow and gentle. Sonetimes rough and hard :),ham
I'm gonna say no. Sorry. I would but as normal am starting to panic about time. Sorry again! Are you seeing on Tuesday?,ham
"Wait, do you know if wesleys in town? I bet she does hella drugs!",ham
Fine i miss you very much.,ham
Did u got that persons story,ham
Tell them the drug dealer's getting impatient,ham
"Sun cant come to earth but send luv as rays. cloud cant come to river but send luv as rain. I cant come to meet U, but can send my care as msg to U. Gud evng",ham
You will be in the place of that man,ham
"It doesnt make sense to take it there unless its free. If you need to know more, wikipedia.com",ham
"Under the sea, there lays a rock. In the rock, there is an envelope. In the envelope, there is a paper. On the paper, there are 3 words... '",ham
Then mum's repent how?,ham
Sorry me going home first... Daddy come fetch ü later...,ham
Leave it de:-). Start Prepare for next:-)..,ham
Yes baby! We can study all the positions of the kama sutra ;),ham
En chikku nange bakra msg kalstiya..then had tea/coffee?,ham
Carlos'll be here in a minute if you still need to buy,ham
This pay is  &lt;DECIMAL&gt;  lakhs:),ham
Have a good evening! Ttyl,ham
Did u receive my msg?,ham
Ho ho - big belly laugh! See ya tomo,ham
"Ditto. And you won't have to worry about me saying ANYTHING to you anymore. Like i said last night, you do whatever you want and i'll do the same. Peace.",ham
"I've got  &lt;#&gt; , any way I could pick up?",ham
"I dont knw pa, i just drink milk..",ham
Maybe?! Say hi to  and find out if  got his card. Great escape or wetherspoons? ,ham
"Piggy, r u awake? I bet u're still sleeping. I'm going 4 lunch now...",ham
Cause I'm not freaky lol,ham
Missed your call cause I was yelling at scrappy. Miss u. Can't wait for u to come home. I'm so lonely today.,ham
What is this 'hex' place you talk of? Explain!,ham
Ü log off 4 wat. It's sdryb8i,ham
Is xy going 4 e lunch?,ham
I wanted to ask ü to wait 4 me to finish lect. Cos my lect finishes in an hour anyway.,ham
Have you finished work yet? :),ham
"Every King Was Once A Crying Baby And Every Great Building Was Once A Map.. Not Imprtant Where U r TODAY, BUT Where U Wil Reach TOMORW. Gud ni8",ham
"Dear,Me at cherthala.in case u r coming cochin pls call bfore u start.i shall also reach accordingly.or tell me which day u r coming.tmorow i am engaged ans its holiday.",ham
Thanks love. But am i doing torch or bold.,ham
Was the farm open?,ham
"Sorry to trouble u again. Can buy 4d for my dad again? 1405, 1680, 1843. All 2 big 1 small, sat n sun. Thanx.",ham
"My sister in law, hope you are having a great month. Just saying hey. Abiola",ham
Will purchase d stuff today and mail to you. Do you have a po box number?,ham
Ah poop. Looks like ill prob have to send in my laptop to get fixed cuz it has a gpu problem,ham
Good. Good job. I like entrepreneurs,ham
"Aight, you close by or still down around alex's place?",ham
meet you in corporation st outside gap … you can see how my mind is working!,ham
Mum ask ü to buy food home...,ham
K..u also dont msg or reply to his msg..,ham
How much r ü willing to pay?,ham
"Sorry, I'll call later",ham